Month,TransactionCount,BooksSold,Revenue
2023-01,12,40,543.68
2023-02,6,12,149.96
2023-03,10,24,269.76
2023-04,8,22,269.9
2023-05,2,6,71.94
2023-06,4,12,257.91999999999996
2023-07,10,28,317.72
2023-08,10,12,163.92
2023-09,6,12,250.89999999999998
2023-10,14,40,554.78
2023-11,12,30,407.7
2023-12,6,18,222.88
2024-01,2,3,131.99
